,id,corporate_action_id,ca_type,ca_sub_type,initiating_symbol,initiating_original_cusip,target_symbol,target_original_cusip,record_date,cash,old_rate,new_rate,ex_date
0,af6d2224-2fa8-43fb-b0ef-35cb295169df,2318034,merger,merger_completion,,,EVA,29414J107,,0,1,1,
1,7f6b6b5c-3f79-40f2-a51f-b2ab6c5540e3,2318262,merger,merger_completion,,,FRT.PRC,313747701,,0,1,0,
2,e2cdde0c-4ee8-4c45-a4a5-a5b4b81e9a8c,2318260,merger,merger_completion,,,FRT,313747206,,0,1,1,
3,c6562a36-534e-4db7-b69e-010f12e3a75d,2319120,merger,merger_completion,,,APO,037612306,,0,1,1,
4,8dc871b1-bace-4526-9e50-3cf3ee414096,2319122,merger,merger_completion,APO,037612306,ATH,G0684D107,,0,1,1.149,
5,fc7f28c4-e34e-4991-9919-8e68ff67c7ce,2319090,merger,merger_completion,WSFS,971795109,BMTC,117673103,,0,1,0.9,
6,b8e6a5e7-9325-48bc-8249-d3013f480d6b,2319618,merger,merger_completion,FCNCA,31946M103,CIT.PRB,125581884,,0,1,0,
7,b2ad0464-e6aa-4f58-92ae-8319aaf0c4f0,2319603,merger,merger_completion,GABC,361334105,,,,13.44,1,0.7739,
8,d9f62f03-a9da-4774-8d75-9ecf1359bd5b,2319616,merger,merger_completion,FCNCA,31946M103,CIT,125581801,,0,1,0.062,
9,4cdbe771-9c39-4713-aad0-877b1ac70e3d,2319804,merger,merger_completion,CNC,15135B101,MGLN,559079207,,95,1,0,
10,dfb32b6e-7e9e-4c8f-8770-640d7832c4b5,2319883,merger,merger_completion,UCBI,90984P105,RBNC,200829109,,0,1,0.9842,
11,d72694cc-08b6-46dc-8c12-9f6f81d8db79,2319774,merger,merger_completion,ENCUF,88674R100,AZZUF,739369106,,0,1,0.375,
12,d092f1bc-5570-4afc-a3c9-b29c2acd9fb1,2321778,merger,merger_completion,LBAI,511637100,FCCY,31986Q105,,0,1,1.3577,
13,6a800df2-c6d8-4bfc-90e3-4ab4018773dc,2321878,merger,merger_completion,CVBF,126600105,SBKK,86723G109,,2.69,1,0.697,
14,8f5bbdef-7964-4758-a265-bcc2313b11bf,2322045,merger,merger_completion,,,AHCCF,00434X301,,4.5,1,0,
15,39dfe61f-7cdc-4013-af9a-92c2c1eda8d0,2322839,merger,merger_completion,CXBMF,13000C106,FIOGF,31810L108,,0.1,1,0.994,
16,d9479807-3e03-4b9e-9cca-338acce5508f,2322958,merger,merger_completion,CHWWF,16550A107,,,,0,1,0,
17,9d4ed71f-b7c7-4b2d-ad46-c9d6d0a7f65e,2323374,merger,merger_completion,,,DCRN,242794105,,0,1,1,
18,557b42d0-9468-4f64-95fb-c93332e62441,2323375,merger,merger_completion,,,DCRNW,242794113,,0,1,0,
19,cf85b51c-9d31-4339-9c2a-eceed5306362,2323071,merger,merger_completion,,,TGP,Y8564M105,,17,1,0,
20,131a3e54-2937-4f0b-8dd1-8e2d751f33e2,2323373,merger,merger_update,,,DCRNW,242794113,,0,1,0,
21,dc9838c1-71c4-4321-b8ea-4d0dd2d16e78,2323372,merger,merger_update,,,DCRN,242794105,,0,1,1,
22,bad4c293-d0a4-4319-ae95-63a8f57403d5,2324225,merger,merger_completion,,,,,,0,1,1.20968,
23,0d4bdd4a-c3f0-4ec1-a882-54564f571603,2324445,merger,merger_completion,,,IGOI,60741U101,,5.5,1,0,
24,24a4a7b0-b00e-4220-ae57-326b90e8f139,2324567,merger,merger_completion,,,,,,7.25,1,0,
25,9c9f5508-501b-4dd5-81d6-3bf08e63d73e,2324444,merger,merger_update,,,IGOI,60741U101,,5.5,1,0,
26,ebc34b38-20d5-49b3-a4bb-b7dfda05612f,2324816,merger,merger_completion,CHWWF,16550A107,,,,1.28,1,0,
27,23b199d4-10ba-4ab3-8511-82c0733b7180,2324818,merger,merger_completion,CHWWF,16550A107,,,,0,1,0.0911,
28,02e4f092-0898-44e2-bc82-15d8d3334817,2325317,merger,merger_completion,,,KOR,221013105,,4.1,1,0,
29,1574d79a-2b81-4e7c-a787-4228e70bc2d9,2325183,merger,merger_completion,,,MRLN,571157106,,23.5,1,0,
30,9a10bbcd-6d61-40c6-a460-3291e117fec5,2325634,merger,merger_completion,,,,,,2.06,1,0,
31,bf0fe216-a38c-4384-b5dd-30c43cb91c78,2325740,merger,merger_completion,CMUAX,638914358,BAMCX,09658W501,,0,1,0.73844,
32,f89e07b0-1864-44f5-93e4-2aa9429fe2f4,2325735,merger,merger_completion,CPDAX,19766C248,BABHX,09658L422,,0,1,0.26374,
33,92afe140-13ac-4bb8-b165-a7bf0b295231,2325744,merger,merger_completion,CPCZX,19766C255,BMBHX,09658L190,,0,1,0.59083,
34,94d50c88-60f3-493c-b585-7830f2b06c92,2325729,merger,merger_completion,LIIAX,53127P507,BATIX,09658W733,,0,1,1.26782,
35,b7b18e26-e2d1-4e75-8c12-2af189922010,2325713,merger,merger_completion,RLGCX,317609568,RLTCX,317609535,,0,1,0.98084,
36,a46cafc9-512c-4349-8bc5-9ba3b51b3fd5,2325743,merger,merger_completion,ABUAX,002453678,BMBYX,09658L166,,0,1,0.57439,
37,858c296a-0ec1-487c-ad99-7a9d661b8793,2325728,merger,merger_completion,CPDHX,19766N400,BDVSX,09658L315,,0,1,0.54008,
38,1d1cf182-943b-4ad7-8477-6f5f466dc2a1,2326028,merger,merger_completion,DOCRF,74052D103,MBCHF,60255X103,,1.22,1,2.285,
39,c1a7e786-9edf-4172-b7e3-2e83da2b0ab1,2325732,merger,merger_completion,COAVX,19765M338,BDAQX,09658W667,,0,1,1.01149,
40,4e635b4e-d911-44aa-849e-107efbb31ccf,2325733,merger,merger_completion,COSVX,19766P884,BDIQX,09658W659,,0,1,1.01825,
41,5b45e7bc-f699-4259-a6e8-4a22e3f3b86e,2325736,merger,merger_completion,CPARX,76931T639,BABRX,09658L414,,0,1,0.25869,
42,a00431c0-5783-4c91-867c-e8dc440005e3,2325723,merger,merger_completion,CLBRX,19765M528,BGRRX,09658L232,,0,1,0.36334,
43,e6ca0d3b-5afd-4c37-bd54-2abb3c2112cf,2325709,merger,merger_completion,RLIIX,317609550,RLFIX,317609543,,0,1,1.04918,
44,994d0144-6c31-44f5-80f6-347940cef8e3,2325710,merger,merger_completion,RLGAX,317609576,RLTSX,057071771,,0,1,1.01136,
45,a4713ad4-82fa-4d0d-8482-d1181146e426,2325730,merger,merger_completion,LIIAX,53127P507,MCIYX,572353423,,0,1,1.26879,
46,58391cab-e6c4-4806-ac07-432c4088c046,2325746,merger,merger_completion,CPDMX,19766N608,BMBTX,09658L174,,0,1,0.59541,
47,ab00be78-4a52-40c5-98dc-51c57c53a000,2325748,merger,merger_completion,CLURX,19766B265,MRSNX,572353357,,0,1,0.65684,
48,1592578f-f9d0-4390-afea-98146826ebed,2325716,merger,merger_completion,RAGIX,31761R278,RLAAX,31761R294,,0,1,1.01351,
49,abb85491-8cb6-4de5-a209-eacf95fcf5a6,2325718,merger,merger_completion,CPDAX,19766C248,BDSHX,09658L281,,0,1,0.26138,
50,1523f1e7-4c95-4905-a134-4525d997d6c2,2325749,merger,merger_completion,CRRYX,19766B240,BSVGX,09658V388,,0,1,0.66312,
51,be377522-b360-45f3-9009-80a97a81aff4,2325712,merger,merger_completion,RLIIX,317609550,RLTIX,057071763,,0,1,1.04704,
52,1601c346-e488-4776-bffa-9072ca886633,2325739,merger,merger_completion,CPGRX,19766M725,MRMIX,572353530,,0,1,0.27335,
53,a9cffeb3-41de-4bd4-a667-619dc5669bde,2325719,merger,merger_completion,CPARX,76931T639,BDSRX,09658L273,,0,1,0.2556,
54,06cd2666-7638-42b3-a338-9cb05220249f,2325734,merger,merger_completion,AXBAX,002453587,BABYX,09658L380,,0,1,0.2542,
55,d423c604-665e-4bb4-bf04-e669866d0194,2325715,merger,merger_completion,RLIIX,317609550,RMIIX,317609519,,0,1,0.83678,
56,24f0e1b2-9ba0-45c2-be53-e6cebc70dba5,2325725,merger,merger_completion,ABDAX,002453769,BDVYX,09658L299,,0,1,0.52183,
57,f614a5dc-b5ae-45a0-bd8e-793103b57c26,2325721,merger,merger_completion,NBIAX,638929703,BGRYX,09658L216,,0,1,0.36139,
58,2e621426-3e8a-4511-84c5-d2f7db2902e9,2325747,merger,merger_completion,COVAX,19765J798,BACVX,09658W709,,0,1,0.67494,
59,5d248758-93e8-4c54-b41e-dda99d4fdab2,2325910,merger,merger_completion,FNB,330621103,HBMD,442496105,,0,1,1.8,
60,79dee1fa-47ed-4c2e-95c0-2c241998c889,2325737,merger,merger_completion,CPDIX,19766N806,BABQX,09658L398,,0,1,0.26965,
61,79859a59-6f8c-497f-962f-8e137dc49820,2325717,merger,merger_completion,AXBAX,002453587,BDSYX,09658L257,,0,1,0.2542,
62,24f61d6d-5248-4e9e-87a7-e2b8a66c8367,2325708,merger,merger_completion,RAGIX,31761R278,RLTAX,317609527,,0,1,1.02205,
63,8612fa84-024f-4f8d-89ff-b9a4ffecf1ad,2325738,merger,merger_completion,CBSAX,198513202,BGMAX,09658W600,,0,1,0.26106,
64,ef6d9978-b226-4d03-916d-416ec101b997,2325745,merger,merger_completion,CBMRX,76931T589,BMBQX,09658L182,,0,1,0.57738,
65,2535c291-7894-44a3-ae6b-a11c40eee778,2325714,merger,merger_completion,RLGAX,317609576,RMIAX,317609485,,0,1,0.8331,
66,110ae071-8bf1-4015-aa8b-ca65429b3584,2325722,merger,merger_completion,CGBRX,19766B489,BGRHX,09658L240,,0,1,0.35615,
67,38a50b30-27b5-43e6-bd1d-7669527805c5,2325727,merger,merger_completion,CBVRX,76931T548,BDVRX,09658L323,,0,1,0.53823,
68,52d95472-eaaf-4622-a782-8e54217639d4,2325711,merger,merger_completion,RLGCX,317609568,RMICX,317609493,,0,1,0.85041,
69,487b03aa-0b03-468f-9257-c9d657f6548c,2325724,merger,merger_completion,CPHNX,19766B224,BGRQX,09658L224,,0,1,0.37268,
70,81e836f7-5a7a-465e-9487-799df2d7cc9c,2325726,merger,merger_completion,CPCYX,19766C263,BDVIX,09658L331,,0,1,0.569,
71,c1ee29b7-4a9b-46e8-88c1-1f46dc12b773,2325720,merger,merger_completion,CPDIX,19766N806,BDSQX,09658L265,,0,1,0.26572,
72,d29c0362-6266-4a4c-a482-ed55b4aaf513,2325742,merger,merger_completion,CMVYX,19765M239,BMVGX,09658V438,,0,1,0.73748,
73,5091a651-91a2-4de4-a405-c478c9d0fe94,2325741,merger,merger_completion,CFDRX,19766B356,MRVIX,572353548,,0,1,0.70311,
74,838d94cf-30bd-4f1e-99d0-2dd836f3ddc3,2325731,merger,merger_completion,CIFRX,19766M808,MCIIX,572353431,,0,1,1.26931,
75,af4d2525-efec-455a-bdd4-b0d5c037305a,2326398,merger,merger_completion,RAGIX,31761R278,RMOAX,31761R260,,0,1,0.83357,
76,4af14c55-a5bf-4959-96fc-2ab59359071f,2326443,merger,merger_completion,,,CFFVW,12520R114,,0,1,0,
77,f9715489-e1d9-4458-8dbe-de7cbdb0eaa7,2326236,merger,merger_completion,,,CSPR,147626105,,6.9,1,0,
78,47c0e399-d8ac-49b9-810e-f7703fb45955,2326441,merger,merger_completion,,,CFV,12520R106,,0,1,1,
79,cd8c1b36-c22e-494f-8ce1-05d2f23ab412,2326370,merger,merger_update,RAGIX,31761R278,RMOAX,31761R260,,0,1,0.83357,
80,78a0507d-9278-4623-a481-0f97943d52d6,2326841,merger,merger_completion,,,NFH,G6485P108,,12,1,0,
81,9e0b5792-3328-48ba-8554-70859d6863eb,2326833,merger,merger_completion,,,NFH.WS,G6485P124,,2.7,1,0,
82,cb017256-cbc3-4344-bcd2-6391d663c1d3,2327233,merger,merger_completion,,,PDLB,69290X101,,0,1,1.3952,
83,b2be746c-0ab1-4518-816b-96fc1c9c9691,2327238,merger,merger_completion,,,,,,0.18,1,0,
84,21e9946c-e4fb-4cab-873e-aa00ff39bd5b,2327194,merger,merger_completion,,,SEAH,84918M106,,0,1,1,
85,d6850f2f-7373-4796-b55c-3178f7ce28cb,2327200,merger,merger_completion,LAC,95854Q109,MLNLF,757471107,,0.001,1,0.1261,
86,c7e9b950-2c73-4b93-9e17-584d9d7a5869,2327201,merger,merger_completion,LAC,95854Q109,,,,0.00006,1,0.00805,
87,1fdd120b-e1f9-4160-b903-4318d7a8d94b,2327196,merger,merger_completion,,,SEAH.WS,84918M114,,0,1,0,
88,ebcab4ad-dfbf-48a4-bf60-ab8091f90a1e,2327497,merger,merger_completion,WCUFF,740226105,CDYCF,14140U105,,0,1,0.20079,
89,8a666e9f-c2f9-4826-98e7-b094ed8c1e79,2327344,merger,merger_completion,,,GSS,38119T104,,3.91,1,0,
90,eecdd0bd-1eba-4726-8830-a37071efdf61,2327529,merger,merger_completion,,,NTTHF,64047A108,,6.5,1,0,
91,4e14f8d1-5f21-4b47-9df7-94909c5d7187,2327535,merger,merger_completion,,,DJIFF,234067106,,0,1,1,
92,5d6013fe-3c05-4788-94e8-93456bee2584,2327528,merger,merger_completion,BHP,112169206,BBL,090171109,,0,1,1,
93,e6b02346-5231-4b2a-860c-6ce127056204,2327719,merger,merger_completion,WBS,947890109,STL,743835100,,0,1,0.463,
94,e6c39f54-8c00-4a30-8110-e035948c2868,2327661,merger,merger_completion,FNWD,667516108,RYFL,78027P109,,20.14,1,0,2022-01-18
95,697a7a81-a23d-499e-85db-740229209f67,2327664,merger,merger_completion,FNWD,667516108,RYFL,78027P109,,0,1,0,2022-01-18
96,3cc9a0b3-e995-4a75-a188-385c30f8296a,2327614,merger,merger_completion,,,SC,80283M101,,41.5,1,0,
97,1eff749e-0df0-4575-b1b4-916289b59a7e,2327744,merger,merger_completion,,,GTS,896749108,,36,1,0,
98,ee868a5b-663e-4615-b64c-d4a6ef19f64f,2327733,merger,merger_completion,,,ZXAIY,16951E104,,1.08,1,0,
99,fc6f3f8a-3bed-49e6-a0fd-79a7f53dbfe5,2327731,merger,merger_completion,WBS,947890109,STL.PRA,046265401,,0,1,0,
100,9ed1b784-7af8-49f3-98fa-c785e38d08ca,2327972,merger,merger_completion,CEQP,456615103,OMP,67420T206,,0,1,0.87,
101,c4ca9419-59ff-4379-ba00-399264972209,2327985,merger,merger_completion,FIBK,32055Y201,GWB,391416104,,0,1,0.8425,
102,fe85951c-6cf9-413b-bbaa-e951ff332e95,2328213,merger,merger_completion,BCML,072199102,PEBN,69403V109,,0,1,1.0292,
103,b87c14ee-6f68-4723-8662-f99cc77e0747,2328210,merger,merger_update,BCML,072199102,PEBN,69403V109,,0,1,1.0292,
104,660ffddc-8080-4353-93f1-265bb09bb133,2328419,merger,merger_completion,,,GPBI,38115V103,,2.47,1,0,
105,2ce92cc5-333d-488a-abe2-75ebf44d325b,2328485,merger,merger_completion,,,VMAC,92840T107,,0,1,1,
106,c8563849-29be-4f03-8449-bd16dcfd648e,2328487,merger,merger_completion,,,VMACW,92840T115,,0,1,0,
107,52a63767-9cbf-4d3f-ae4e-7fc473c8a34e,2330042,merger,merger_completion,,,,,,0.17,1,0,
108,6bf4c99e-16b6-46b1-8e09-e814be38f00c,2330035,merger,merger_completion,AEM,008474108,KL,65158L106,,0,1,0.7935,
109,a32a2de6-c2ba-4123-8d0a-8ef2cc7fdaa1,2337653,merger,merger_completion,FMBH,320866106,,,,0,1,0,
110,27d89fa5-5f8d-4490-82a5-60cb17431017,2337523,merger,merger_completion,AMD,007903107,XLNX,983919101,,0,1,1.7234,
111,5535f999-02c8-4dc3-a2a8-58c51aa5a6d6,2337608,merger,merger_completion,VFL,928926104,VCF,92907B106,,0,1,1.0328,
112,bab87e79-4dad-4683-8e3d-0f105abe8fa7,2337609,merger,merger_completion,VFL,928926104,VMM,928923101,,0,1,0.9937,
113,db3b5eeb-039b-40aa-9207-3824b521216b,2338070,merger,merger_completion,,,PAEWW,38286G117,,0,1,0,
114,02b51b2f-1b5a-4c57-a985-db37b58e95f0,2338068,merger,merger_completion,,,PAE,38286G109,,10.05,1,0,
115,5348f1fb-349f-4358-b9ca-45cd31838c90,2338354,merger,merger_completion,,,IHC,453438103,,57,1,0,
116,30341e04-6212-4940-9f65-5a71f67789ad,2338362,merger,merger_completion,JSDA,48023P106,,,,0,1,1,
117,3e932613-d1ae-4e92-ae95-85ab047d72f0,2338427,merger,merger_completion,ONB,680033107,FMBI,320867104,,0,1,1.1336,
118,d3f42d51-1652-4405-b970-a871a37628b1,2338429,merger,merger_completion,ONB,680033107,FMBIP,320867203,,0,1,0,
119,17a4117e-9015-41fe-aba6-631a5c7f51a9,2338430,merger,merger_completion,ONB,680033107,FMBIO,320867500,,0,1,0,
120,f320fa4f-9e6d-4378-ab7b-030ffdfe0c3a,2339232,merger,merger_completion,ONB,680033107,,,,0,1,0,
121,ae4712cd-661a-4c18-b119-417a2efbcb85,2339233,merger,merger_completion,ONB,680033107,,,,0,1,0,
122,1f983272-a527-4086-b121-ec294cdfa638,2339474,merger,merger_completion,,,,,,0,1,0.77033,
123,97a9687f-206c-45be-9eca-8956cdc1a4f5,2339475,merger,merger_completion,,,,,,0,1,0.96903,
124,50f564ac-d8d4-401f-aed5-5d0b1f273969,2339229,merger,merger_completion,,,CSLT,14862Q100,,2.05,1,0,
125,0f317eed-71b6-4cb0-9b9b-f7a33927b112,2339227,merger,merger_update,ONB,680033107,,,,0,1,0,
126,4b0965a4-11cd-43c8-9f3f-16cc3230510f,2339228,merger,merger_update,ONB,680033107,,,,0,1,0,
127,20f6b102-2353-4f21-9139-ae9ecafaf674,2339708,merger,merger_completion,,,,,,0,1,0.75652,
128,3bf446ab-e24c-4d1f-aece-c174369a30b1,2339853,merger,merger_completion,,,HLTY,43350P100,,0,1,1,
129,c2de3dc2-6240-4fa8-9a77-522c7d4ed191,2340355,merger,merger_completion,TCFF,852293109,,,,0,1,1,
130,f1e866f0-2d58-4c67-81d1-de45d2141ab8,2340307,merger,merger_completion,,,VCRA,92857F107,,79.25,1,0,
131,71df621f-7ee8-4d61-83a0-380845ceb608,2340406,merger,merger_completion,WTTR,81617J301,NES,67091K302,,0,1,0.2551,
132,457423b1-6d35-4b0a-9262-ec069557fe67,2340336,merger,merger_update,,,,,,0,1,0,
133,811e2dbe-29f2-4679-8b57-7609add08c87,2341090,merger,merger_completion,,,RRD,257867101,,10.85,1,0,
134,2766bed6-bab0-4abd-b7a6-c002e5006a65,2341346,merger,merger_completion,,,MNR,609720107,,21,1,0,
135,22bca1a1-b8ae-429d-b214-9e0659535a4c,2341348,merger,merger_completion,,,MNR.PRC,609720404,,25,1,0,
136,d77a4508-2129-437d-ac1e-e03dbab353d2,2341310,merger,merger_completion,CLSE,89834G760,MARNX,89833W535,,0,1,1,
137,33d51c49-391b-4a0c-9129-cb460148370d,2341321,merger,merger_completion,KGC,496902107,GTBAF,390143105,,25.7984,1,0.42575,2022-02-09
138,0759b4c3-5e3c-47fe-b23f-f7e135da6b25,2341323,merger,merger_completion,KGC,496902107,GTBAF,390143105,,0,1,0,2022-02-09
139,99129812-320f-426b-9279-d649e83da5fd,2341731,merger,merger_completion,SPGI,580645109,INFO,G58249106,,0,1,0.2838,
140,d4b488da-1189-4e2e-a2eb-6fa6f561131d,2341961,merger,merger_completion,SSB,320942105,ACBI,048269203,,0,1,0.36,
141,ae57bc08-ecc1-4d3e-bb69-a7cd8eb09e3e,2341766,merger,merger_completion,BBDC,895848109,SIRR,82632T100,,0.97836,1,0.44973,
142,cea54059-3f66-47ac-9556-a87777418c0d,2342116,merger,merger_completion,,,STFC,855707105,,52,1,0,
143,8497cc37-9196-4c6f-b36e-811d4553c5aa,2342179,merger,merger_completion,,,MCFE,579063108,,26,1,0,
144,077fb84d-e756-4626-81ac-af1532b3a497,2342274,merger,merger_completion,,,SNII,G8T86C105,,0,1,1,
145,940e5a70-fda2-4cb9-ad91-70bbbd5a75e7,2342276,merger,merger_completion,,,SNII.WS,G8T86C121,,0,1,0,
146,af4c4f91-81bb-46cb-8a18-b6d289fac964,2342360,merger,merger_completion,,,CMLEF,199910100,,11.75,1,0,
147,353262e3-e36b-495b-8720-47f07d864332,2342313,merger,merger_completion,,,CMLEF,199910100,,11.75,1,0,
148,c10c0548-8d6a-4bde-8396-cc40f0446a61,2342896,merger,merger_completion,,,NSGDF,62942A108,,0.4,1,0,
149,aff2cda7-17d4-437e-a1f3-a2cbe01db155,2342895,merger,merger_completion,PLNHF,72706K101,NXGWF,65343L102,,0.0001,1,0.1145,
150,5a4ab175-8770-4fd1-b8bf-3d1b8333ff96,2342592,merger,merger_completion,DGTHF,23343T104,ELBSF,29282R108,,0,1,0.1136,
151,488326a1-19cb-41c3-a8a9-2aa2b50573b9,2343113,merger,merger_completion,,,CPLG,21872L104,,15.99,1,0,
152,181fd8d5-d58b-41b3-9b74-95a6c68d4256,2343542,merger,merger_completion,,,FTSI,30283W302,,26.52,1,0,
153,b87f67f2-6b19-4c03-9903-cecd095cf544,2343533,merger,merger_completion,MSFT,594918104,NUAN,92830V104,,56,1,0,
154,d1413378-4fb3-4d5f-b2c4-7c84e38e3753,2344850,merger,merger_completion,,,HCCC,42228C101,,0,1,1,
155,c611cd3f-e876-46d9-93af-426719718f5b,2344868,merger,merger_completion,,,HCCCW,42228C119,,0,1,0,
156,1f11eafc-0ea7-4c62-abca-1d47bcb2b720,2344780,merger,merger_completion,,,ZGNX,98978L105,,0,1,0,
157,cb306fdf-9b38-4b10-a6dd-71f27dd5934e,2344809,merger,merger_completion,SYBT,785060104,,,,11.2,1,0.9267,
158,7903a7f4-92e4-4d5f-911b-52664b13abb9,2344779,merger,merger_completion,KYN,486606106,FMO,31647Q106,,0,1,1.36622,
159,80dfdd79-c247-4fd9-a676-62d34e69bcb6,2344848,merger,merger_update,,,HCCC,42228C101,,0,1,0,
160,c6c26976-cf46-4dc5-a096-6cc12ce96a25,2345162,merger,merger_completion,,,,,,3.04,1,0,
161,bdebf0d6-3bf5-4dab-be5f-836de346c00e,2345169,merger,merger_completion,,,,,,3.97,1,0,
162,0429d9c3-6fe5-4e0a-ab54-71da6e5b055a,2345146,merger,merger_update,,,,,,3.04,1,0,
163,5ea59a53-81a6-461f-a4b8-b14f4fc17bf0,2345107,merger,merger_completion,JACK,344839204,TACO,52748T104,,12.51,1,0,
164,50e176c7-4fe2-421c-bc7e-6a697163b7cb,2345104,merger,merger_update,,,,,,3.97,1,0,
165,278d12a6-f837-4ddb-9b49-264b87ad9475,2345144,merger,merger_completion,,,,,,3.97,1,0,
166,b14e494e-63a7-4c29-9994-246f790d7f53,2345397,merger,merger_completion,PSX,718546104,PSXP,718549207,,0,1,0.5,
167,be797d37-73b2-4be8-af32-ae8d6649b706,2345839,merger,merger_completion,TRSSF,88105E108,,,,0,1,0.3001,
168,098fc415-f58e-443f-a39b-fb0b68f4ee71,2345844,merger,merger_completion,TRSSF,88105E108,GAEGF,362656407,,0,1,0.3001,
169,8b27dbe8-dcb1-45d5-84ba-437c3ba8decd,2345888,merger,merger_completion,BRBR.WI,07831C103,BRBR,079823100,,2.97,1,1,
170,7352b2c3-cd60-4275-a073-b62f1684c8a9,2346169,merger,merger_completion,PFE,717081103,ARNA,040047102,,100,1,0,
171,55955d4e-5591-432b-b237-b724e8951e0b,2346272,merger,merger_completion,NCMGF,Q6651B114,PVG,74139C102,,0,1,0,2022-01-18
172,876bb2db-0974-4a1f-8362-f5965eba94e6,2346274,merger,merger_completion,NCMGF,Q6651B114,PVG,74139C102,,0,1,0,2022-01-18
173,362507c5-ea15-45a2-bb63-00ba27489c8c,2346276,merger,merger_completion,NCMGF,Q6651B114,PVG,74139C102,,0,1,0,2022-01-18
174,a72ea335-aacd-4d1e-aa51-1ff6cb3b5b4d,2346880,merger,merger_completion,,,KRA,50077C106,,46.5,1,0,
175,f0e98a03-71ed-4ac8-8b8c-0d8f20c4fb39,2347049,merger,merger_completion,PATK,703343103,ROFO,77316P101,,0,1,0,
176,aa580591-60fd-441f-9e95-4f35503eaf5e,2347280,merger,merger_completion,,,HXOH,42830K103,,30,1,0,
177,0b9e555f-9e6c-4b3e-a723-200150f5c814,2347997,merger,merger_completion,ALLG,84677R106,,,,0,1,1,
178,78ffc312-d004-4419-9af4-4d0a96934f03,2347999,merger,merger_completion,ALLG,84677R106,,,,0,1,0,
179,297ae857-d100-4bb4-95c1-55a542e36514,2348625,merger,merger_completion,,,TNRK,872595103,,12.63,1,0,
180,58c43ea8-0378-4346-80f4-7254cb4a18d7,2348499,merger,merger_completion,,,FRTA,34960W106,,24,1,0,
181,2dc22a32-3238-4829-b627-1bf4533088f6,2348461,merger,merger_completion,PGRU,G1355V103,,,,0,1,1,
182,9c70f485-939d-45a0-8ecc-58f839fcbba0,2348623,merger,merger_update,,,TNRK,872595103,,12.63,1,0,
183,8428f2fc-d8f2-48ff-9495-856bcdf97529,2348938,merger,merger_completion,,,MOTV,G6293A103,,0,1,1,
184,ca859fb1-05f0-4f30-95e4-7394b411f4d4,2349307,merger,merger_completion,CHGX,26922A560,,,,0,1,1,
185,d34913d3-8789-4658-accc-6e59f03ec924,2349102,merger,merger_completion,FRGE,G6293A103,,,,0,1,0,
186,5677b0ad-436f-4b24-8e14-9cc43226d385,2367301,merger,merger_completion,ILVEX,19766Q866,MDIVX,572353332,,0,1,0.83088,
187,d0122748-783e-4ae4-9d96-a9a2f96c8485,2367302,merger,merger_completion,ILVEX,19766Q866,MLVIX,572353563,,0,1,0.9968,
188,2449aae4-0248-4261-b2a0-63cae06d88e0,2367311,merger,merger_completion,ILVHX,19766Q833,BLCRX,09658W568,,0,1,1.01351,
189,49d590a9-da00-4e8c-958b-bc5055513d1d,2367319,merger,merger_completion,ILGCX,19766Q106,MASTX,572353704,,0,1,0.9932,
190,26e5865f-d747-47ec-bccf-ab8d3038a9ec,2367314,merger,merger_completion,USMDX,19766J227,MUISX,572353415,,0,1,1,
191,de321b5a-45f9-482f-924d-526be159b3fb,2367316,merger,merger_completion,ILGFX,19766Q403,MLCIX,572353555,,0,1,0.99044,
192,d24d1c04-b15b-4b6a-93d6-38b4772b3ef0,2367317,merger,merger_completion,ISGLX,19766Q718,MSGIX,572353522,,0,1,0.97299,
193,b86cbe95-93c4-49b6-a040-386c435e291c,2367318,merger,merger_completion,ILGJX,19766Q700,BLGRX,09658W576,,0,1,0.99048,
194,6eb234b4-b3f4-4066-896d-6306471b108e,2367294,merger,merger_update,ILGCX,19766Q106,MASTX,572353704,,0,1,0.9932,
195,1a6bd912-479e-4acb-82ba-f849be5d7769,2367289,merger,merger_update,ILVEX,19766Q866,MDIVX,572353332,,0,1,0.83088,
196,3820e93f-ccd5-4a8e-a583-df2f3be14e01,2367293,merger,merger_update,ILVEX,19766Q866,MLVIX,572353563,,0,1,0.9968,
197,4ca243bb-fac3-4856-a7fd-f65d052373c2,2367292,merger,merger_update,ILGJX,19766Q700,BLGRX,09658W576,,0,1,0.99048,
198,74a8907a-8e4e-498f-a78f-048ad9919aa1,2367290,merger,merger_update,ISGLX,19766Q718,MSGIX,572353522,,0,1,0.97299,
199,fe89eb3b-2871-474a-b5cf-397288a1b44c,2367304,merger,merger_update,ILVHX,19766Q833,BLCRX,09658W568,,0,1,1.01351,
200,8b0a0b77-33a9-4e33-b0d5-e40706db519f,2367286,merger,merger_update,USMDX,19766J227,MUISX,572353415,,0,1,1,
201,9fa215ff-1a00-4280-be65-c8be4cc6a908,2367288,merger,merger_update,ILGFX,19766Q403,MLCIX,572353555,,0,1,0.99044,
202,16d5a62e-6410-4420-aa95-9512a7917cb3,2368290,merger,merger_completion,ILVEX,19766Q866,MLVEX,572353241,,0,1,0.73741,
0,8428f2fc-d8f2-48ff-9495-856bcdf97529,2348938,merger,merger_completion,,,MOTV,G6293A103,,0,1,1,
1,ec60247c-e3d4-41f9-9465-2a178b22330e,2349103,merger,merger_completion,,,,,,0,1,1.2,
2,d34913d3-8789-4658-accc-6e59f03ec924,2349102,merger,merger_completion,FRGE,G6293A103,,,,0,1,0,
3,57ddb9b9-5251-4a3a-bfbf-db876878a933,2349217,merger,merger_completion,COLL,19459J104,BDSI,09060J106,,5.6,1,0,
4,c49b5186-ef35-4cc5-8e90-893b372ceba6,2349668,merger,merger_completion,,,OBAS,M7524R108,,12.64,1,0,
5,38353275-80d7-4061-bd40-b25ab96a1f58,2349533,merger,merger_completion,,,CSFFF,14068G104,,0,1,0,
6,7ac050e1-008d-4cc7-b74d-cbd9adb954d4,2349661,merger,merger_update,,,OBAS,M7524R108,,12.64,1,0,
7,6b9905d2-a23b-4eed-bfe8-03db87c279eb,2350689,merger,merger_completion,,,CONE,23283R100,,90.5,1,0,
8,7e898c0e-8643-4955-a821-3aa3a87f3ee8,2350876,merger,merger_completion,,,TWNT,G86613109,,0,1,1,
9,eb8b1df8-cc16-4ff0-ae5b-0c6cda48d580,2350878,merger,merger_completion,,,TWNT.WS,G86613125,,0,1,0,
10,02f74821-49a1-4858-a955-834cd3372ce5,2350929,merger,merger_completion,TCBK,896095106,VLLX,920061108,,0,1,0.95,
11,d48c71fa-5ec9-4429-adc3-1e28d675865e,2351236,merger,merger_completion,,,RESN,76118L102,,4.5,1,0,
12,1cea5bac-ae8a-4522-9684-901af4e62f7f,2351432,merger,merger_completion,,,FMAC,33765Y101,,0,1,1.2415,
13,2494b4a8-33b8-4b4e-af46-d77edc3744ba,2351434,merger,merger_completion,,,FMAC.WS,33765Y119,,0,1,0,
14,c57d73d6-a8fb-4f2f-af5f-8e895caf2e11,2351802,merger,merger_completion,OMI,690802103,APR,03836A101,,37.5,1,0,
15,6edab350-0ef4-4e35-9043-b032f289bfc8,2352258,merger,merger_completion,GS,38141G104,GSKY,39572G100,,0,1,0.03,
16,b3379ecf-186e-4428-a49e-a824720ee37d,2352571,merger,merger_completion,,,PONB,72357G102,,0,1,1.0443,
17,0bfaba59-bda9-40be-b752-a65807b29256,2352567,merger,merger_completion,FRME,320817109,LEVLP,52730F203,,0,1,0,
18,8f109b5d-b599-4540-9766-9229c9a9ad9b,2352399,merger,merger_completion,,,VRS,92531L207,,27,1,0,
19,305e4bcd-0c76-4f2c-8ea1-444cbd6536b0,2352570,merger,merger_update,,,PONB,72357G102,,0,1,1.0443,
20,9918fbe6-e74e-4b64-b91f-fe9d89fb6773,2352574,merger,merger_completion,,,DTRC,511512105,,0,1,1,
21,3c7031b6-fb84-4546-b3dd-5c2dc710c4a1,2352578,merger,merger_completion,QCRH,74730P106,GFED,40108P101,,0,1,0.58775,2022-03-25
22,e4dd13b7-0c1a-4e6b-8a35-10cbc3a00df8,2352563,merger,merger_completion,FRME,320817109,LEVL,52730D208,,10.17,1,0.7167,
23,91ec8c01-844f-496a-a957-6500bc3a06c6,2352576,merger,merger_completion,QCRH,74730P106,GFED,40108P101,,30.5,1,0,2022-03-25
24,4dfadda2-4b5d-49a9-a332-8adee2cb4ad3,2352546,merger,merger_completion,WELL,422173104,WELL,422173104,,0,1,1,
25,cd7d44b0-faa3-43a5-a9ae-19085d31950d,2352580,merger,merger_completion,QCRH,74730P106,GFED,40108P101,,6.1,1,0.4702,2022-03-25
26,601d6498-dea6-4ad0-bd92-cd680e6c2aff,2352697,merger,merger_completion,,,VNE,92336X109,,37,1,0,
27,c1bc2f94-6ffe-4516-a022-386e24e2d6ca,2352587,merger,merger_completion,SWVL,G7315C101,,,,0,1,1,
28,3ba953b7-ad54-449a-b570-e5c66cf58cbb,2352589,merger,merger_completion,SWVL,G7315C101,,,,0,1,0,
29,22056e52-c230-4f12-82ba-ff48126da723,2353276,merger,merger_completion,,,AOIX,02871P106,,0,1,6,
30,ff022f77-624a-42f0-87b1-dc3ac8092d3b,2353214,merger,merger_completion,,,VIGLF,92672N202,,0.67,1,0,
31,e91bc2e4-20eb-4697-ada1-39af12341b0d,2353288,merger,merger_completion,,,PPGH,G7154B107,,0,1,1,
32,b5db6792-af39-406c-add3-e841011d45c2,2353311,merger,merger_completion,,,PPGHW,G7154B115,,0,1,0,
33,da963d0e-2dec-4cd3-9ec3-49e3b393291c,2353165,merger,merger_completion,MTB,320076102,,,,0,1,0,
34,4228e938-4705-4581-918b-4426aebdbcb9,2353163,merger,merger_completion,MTB,320076102,PBCT,710198102,,0,1,0.118,
35,8532da43-18bf-4ec1-bece-dcf9f917aa22,2353275,merger,merger_completion,SLRC,83413U100,SUNS,83416M105,,0,1,0,
36,3dc0d29c-1f51-4149-8714-d3df6841b46d,2353423,merger,merger_completion,,,FLOW,78469X107,,86.5,1,0,
37,59eafdae-f257-4503-a3b0-83252e2dcf1c,2353674,merger,merger_completion,,,HLXA,G4444C102,,0,1,1,
38,0c5ff25c-36d7-42e2-aebf-72f5ef33eeec,2353717,merger,merger_completion,,,AGCBF,02301T108,,0.4,1,0,
39,359f6a6e-3519-47e5-a7d7-1c035d2df007,2353462,merger,merger_completion,BP,110889409,BPMP,0556EL109,,0,1,0.575,
40,ccb3abbb-530e-4c92-afbb-163562780b3e,2355423,merger,merger_completion,,,TLMD,42227L102,,3,1,0,
41,6fe6b659-eddb-485e-b3d0-f055f46e103d,2355442,merger,merger_completion,,,TLMDW,42227L110,,0,1,0,
42,0116bd14-4ba5-4bb5-99c0-475ce62ca930,2355709,merger,merger_completion,CFG,174610105,ISBC,46146P102,,1.46,1,0.297,
43,d95d2c90-d063-4b06-89f6-7c001d233d12,2356880,merger,merger_completion,,,HMHC,44157R109,,21,1,0,
44,3cafbf3e-6031-4ba8-8161-28e9a60f001b,2356836,merger,merger_completion,GNUS,69423R104,,,,1.169,1,0.271,
45,8424577d-fa7b-4680-9f21-f38c11812974,2356851,merger,merger_completion,GNUS,69423R104,WOWMF,98212M703,,1.169,1,0.271,
46,18e5052b-4e42-43f2-a1b7-ba35511f1ec3,2357298,merger,merger_completion,,,ADFT,00687B105,,3.71745,1,0,
47,b7be6730-268d-4a67-8ad2-dde7929f067a,2357318,merger,merger_completion,SFNC,828730101,STXB,84861D103,,0,1,1.00167,
48,694d9429-b1e8-4a67-9fcb-c5816830d913,2357358,merger,merger_completion,WBDWV,934423104,DISCA,25470F104,,0,1,0,
49,1330cd1f-77de-40cf-aea6-1333db53b97d,2357365,merger,merger_completion,WBDWV,934423104,DISCB,25470F203,,0,1,0,
50,5b14eeca-6f79-469c-84e6-5bd35f3bd5ca,2357367,merger,merger_completion,WBDWV,934423104,DISCK,25470F302,,0,1,0,
51,5dcbc71b-937d-44f1-bd66-1ad8f7cc87c3,2357598,merger,merger_completion,MUC,625933106,MYC,626296107,,0,1,1.01385,
52,a3f60b29-0365-4bfe-b8df-15a5f5c57c32,2357596,merger,merger_completion,MUI,62618U107,MFL,62624W105,,0,1,0.93874,
53,7bd4f544-b05d-42da-a3fb-1c7e76aa42f4,2357597,merger,merger_completion,MUJ,625936109,MYJ,62630L101,,0,1,1.01087,
54,53d5d925-b33d-4871-99dc-f07c08617448,2357599,merger,merger_completion,MUC,625933106,MCA,62629L104,,0,1,1.01061,
55,ec29aadc-8d11-4a91-98e3-66cc0d02f8e8,2357910,merger,merger_completion,,,,,,0,1,0.80136,
56,cee17546-575a-4acd-a953-397c37de10b7,2357911,merger,merger_completion,,,,,,0,1,0.82998,
57,35a9522c-c7eb-4389-9d08-6e067f2f0eda,2358187,merger,merger_completion,,,,,,0,1,0.32895,
58,a7cc5581-8911-4174-a19b-9497c44cb0f3,2358180,merger,merger_completion,,,,,,0,1,0.40927,
59,3dae465b-83dc-4600-8427-5adffa87ab59,2358179,merger,merger_completion,,,,,,0,1,0.56092,
60,44baa3e6-f49b-475e-a28c-cdf4d1ae90b2,2358189,merger,merger_completion,,,,,,0,1,0.70465,
61,38e3c163-bc8d-48ee-95e2-479e5c986cb4,2358190,merger,merger_completion,,,,,,0,1,0.66954,
62,bf1966a7-d66f-455a-b7be-2fb2c6fa5586,2358178,merger,merger_completion,,,NOSOF,65626P101,,1.1,1,0,
63,ddc991dc-16d0-4a39-83d1-ed79d445e3f4,2358188,merger,merger_completion,,,FAPPF,318625209,,0,1,0.60853,
64,bc1f3a14-242a-4c02-a3cc-ee21cbb963c3,2358841,merger,merger_completion,,,LSXEF,51804N100,,0,1,0.1813,
65,14f10af3-4a6b-4223-a326-a2f89450a0f9,2358995,merger,merger_completion,SSRM,82823L106,TGGDF,87402X108,,0.265,1,0,
66,7162f6b2-fd35-482e-8979-524c844cb55e,2361095,merger,merger_completion,,,FOE,315405100,,22,1,0,
67,d7d4fc73-58ad-44f6-87d8-e41e1c35afc8,2361182,merger,merger_completion,,,MCESF,55608F106,,4,1,0,
68,4c7ea118-5bbb-4662-b22a-00b7eb04cb23,2361795,merger,merger_completion,,,VOLT,928703107,,6,1,0,
69,131c6554-4675-46fd-b953-c5ae3a78f3bc,2361657,merger,merger_completion,MXVIX,577902521,MXVJX,57776T439,,0,1,0.71723,
70,4789a44d-f96e-4db3-92f3-8f7a68ec0026,2361658,merger,merger_completion,MXFLX,577902265,MXANX,39137G611,,0,1,0.62683,
71,fcf8e300-58c1-4390-b4eb-86de1e512e51,2361659,merger,merger_completion,MXBEX,39137G355,MXBFX,39137G488,,0,1,1.00798,
72,fc2b31dc-0d35-4e37-b083-55e7cae6a0a3,2361660,merger,merger_completion,MXXLX,577902166,MXBTX,39137G371,,0,1,0.49502,
73,766ea20a-5c69-4f85-b8de-ac6c954c9a8c,2361661,merger,merger_completion,MXMGX,577902786,MXTMX,57776T413,,0,1,0.13233,
74,d68526f0-79e3-48b2-8bd5-9ec0c0bb97bf,2361662,merger,merger_completion,MXLZX,577902299,MXABX,39137G694,,0,1,0.69606,
75,8f2b48c0-aef1-48aa-9826-dd3f6dc264ce,2361663,merger,merger_completion,MXAUX,39137G553,MXAWX,39137G546,,0,1,1.00623,
76,01d0132f-810e-439b-9c86-fe792d81e506,2361664,merger,merger_completion,MXRLX,577902190,MXBHX,39137G462,,0,1,0.66886,
77,6dba68f5-246f-403f-95a6-ce4fbdfbfa72,2361665,merger,merger_completion,MXIVX,577902703,MXMIX,39137E541,,0,1,0.9904,
78,219fdcf0-6bab-4738-afa6-3fde3417b637,2361669,merger,merger_completion,MXBQX,39137G413,MXBRX,39137G397,,0,1,1.00512,
79,983fedbd-c1ac-48ec-8413-d135e67a7c34,2361670,merger,merger_completion,MXLLX,577902232,MXAZX,39137G520,,0,1,0.62473,
80,30a0bc2d-b570-449f-b599-b484e62273d1,2361671,merger,merger_completion,MXAHX,39137G645,MXAJX,39137G637,,0,1,1.00367,
81,66444249-90af-4586-a0f0-b0c6830ce618,2362179,merger,merger_completion,,,,,,0,1,0.08182,
82,020b5045-a222-41d3-9da3-084b005e6004,2361986,merger,merger_completion,URNM,301505715,,,,0,1,1,
83,ef273026-377f-47db-9f6c-9c969ce892dd,2362445,merger,merger_completion,SOUN,836100107,,,,0,1,1,
84,957d0520-b353-4819-9be6-0b94d3ff6964,2362450,merger,merger_completion,SOUN,836100107,ATSPW,039562111,,0,1,0,
85,ebac08e3-0167-4523-b8e4-ae3ca00f4e91,2362627,merger,merger_completion,LUNMF,550372106,JOSMF,65339B100,,0,1,0,
86,ae9a83dd-9bd1-475e-9790-cbbb71cda212,2363142,merger,merger_completion,,,TUGC,G89877107,,0,1,1,
87,c58cd265-5e8d-4fde-88ca-c65d9cffd4ce,2363143,merger,merger_completion,,,TUGCW,G89877115,,0,1,0,
88,737188b4-659c-4d0f-9aeb-2d2d7b19d923,2363013,merger,merger_completion,VICI,925652109,MGP,55303A105,,0,1,1.366,
89,27efcd9f-2ded-475e-92be-b8924fef8d64,2363487,merger,merger_completion,,,CCOMP,195621206,,2.71,1,0,
90,f0ad2eec-9c5b-4b2a-8789-f4340b99cb9e,2363407,merger,merger_completion,,,SVSVW,G8377A124,,0,1,0,
91,dcacf6f3-e1df-4e07-9dba-0c8c273af0d7,2363405,merger,merger_completion,,,SV,G8377A108,,0,1,1,
92,baf0e87a-df22-4bfb-bae9-12654a782fbe,2363485,merger,merger_completion,,,CCOM,195621107,,2.71,1,0,
93,af0563df-f69a-47e8-8b4e-51be5c9f0075,2363409,merger,merger_completion,EBMT,26942B101,,,,276.32,1,37.7492,
94,ba7d1bba-0018-4a5e-865a-9c959e21a190,2363299,merger,merger_completion,RSG,760759100,ECOL,025533100,,48,1,0,
95,f8520908-464c-4a9b-970c-fccad2f24773,2363302,merger,merger_completion,RSG,760759100,ECOLW,91734M111,,0,1,0,
96,e9f6d98d-fbfe-4571-bc6b-4e518de3c47e,2363330,merger,merger_completion,SNDL,86730L109,LQSIF,536347107,,1.5,1,8.85,
97,159f183a-4399-45e9-8fea-60ba675affe3,2363386,merger,merger_completion,LUNMF,550372106,JOSMF,65339B100,,0,1,0,
98,689b7844-802c-47d4-9ec6-d8141e4639d9,2363388,merger,merger_completion,LUNMF,550372106,JOSMF,65339B100,,0.46738,1,0.10526,
99,623b1ed9-db65-4fb6-acc6-1b04b5025f3a,2363631,merger,merger_completion,,,HBP,448451104,,10.7,1,0,
100,23bf2e60-1bec-4798-bffc-5db219571e60,2363882,merger,merger_completion,,,,,,0,1,1,
101,8a94f4fc-a188-4ed1-a1ae-2260f6a4ec26,2363880,merger,merger_completion,,,DKNG,25258L109,,0,1,1,
102,535e4a0d-7f7b-4bcf-a724-9c42ebc842ef,2363871,merger,merger_completion,DKNG,25258L109,GNOG,51476X105,,0,1,0,
103,27f6f4ee-d572-4fba-9a91-5dd692230b41,2365034,merger,merger_completion,GLASF,58810P102,PLPRF,72941N100,,0,1,0.04254,
104,bc194e3e-2091-4787-a05e-f2d09ae36486,2365032,merger,merger_update,GLASF,58810P102,PLPRF,72941N100,,0,1,0.04254,
105,37a4b1c3-c827-491b-93cd-2fe27c3095c9,2365406,merger,merger_completion,,,JOBS,316827104,,61,1,0,
106,983b417b-8ec0-476f-905e-d70e73779dd3,2365282,merger,merger_completion,POSAX,74254V299,POSCX,74254V281,,0,1,0.9562,
107,70eca6c6-5d22-4f06-b8a5-6ad5ba3c3950,2365281,merger,merger_completion,CMPGX,20462C102,CCUGX,928965474,,0,1,1,
108,b4ef1b44-268b-4997-9551-6b4aaa3da7bc,2365280,merger,merger_completion,PRIAX,742964109,PMKCX,74254U754,,0,1,0.93602,
109,e366d805-49fa-455e-b15e-5091c4925307,2365279,merger,merger_completion,DSTIX,261967103,DSHPX,261967889,,0,1,1.0031,
110,8b852a1f-2a9e-4a48-8ac7-41e67c7dc45c,2365283,merger,merger_completion,PRWLX,74254T328,PDNCX,74254V810,,0,1,1.00084,
111,87a1ac36-c70a-4ff0-9794-497d6472cbd8,2365596,merger,merger_completion,EVEX,98907K103,,,,0,1,1,
112,b2211648-4b08-4528-b6e2-2e22ce84e576,2365597,merger,merger_completion,EVEX,98907K103,,,,0,1,0,
113,1a064472-f22f-42c8-bad2-538e8e02ce77,2365957,merger,merger_completion,DFUV,25434V724,DFMVX,25434D831,,0,1,1.02982,
114,67cab7ef-4551-45b1-ad5e-dc1fdbcd086b,2365956,merger,merger_update,DFUV,25434V724,DFMVX,25434D831,,0,1,1.02982,
115,bb46591d-ad95-4bdd-aa3a-9b9a7a9bd282,2366525,merger,merger_completion,,,EPAY,101388106,,57,1,0,
116,4bac2236-b48f-47d0-957d-f688e8173f87,2366641,merger,merger_completion,JCPI,46654Q104,JRBSX,48121A563,,0,1,4.7178,
117,eba34add-971c-401a-8f47-d9c7a64a1e8d,2366520,merger,merger_completion,MDT,585055106,XENT,46071F103,,28.25,1,0,
118,d285bf11-9744-4fcf-93d8-0a06a6d03085,2366640,merger,merger_completion,JCPI,46654Q104,JIMRX,48121A555,,0,1,4.6952,
119,0e3a82a6-da3d-4eb5-9e16-ff7ed169fcc7,2366638,merger,merger_completion,JCPI,46654Q104,JIMAX,48121A589,,0,1,4.7159,
120,ffdef49b-86d9-4abd-abe3-2ed83ab77b8d,2366639,merger,merger_completion,JCPI,46654Q104,JIMCX,48121A571,,0,1,4.7457,
121,8c81e6d3-6544-44bd-b21c-0006e0b2e136,2366642,merger,merger_completion,JCPI,46654Q104,JIMMX,48121L809,,0,1,4.7098,
122,ccf493d0-f80d-461d-ae6e-797580c708e9,2366663,merger,merger_completion,COPAF,46027W200,NPDCF,06851X104,,0,1,0.1182,
123,6181db96-4975-45e5-b564-6a560e7c16cc,2366665,merger,merger_completion,CBU,203607106,ESBK,289660102,,23.1,1,0,
124,185229d4-b20b-49a6-bb64-d8acd03c5f8a,2367284,merger,merger_completion,,,CR,224399105,,0,1,1,
125,e8f73701-6fde-44e1-87b8-05d0f507e6e0,2367759,merger,merger_completion,,,ARTA,G0509L102,,0,1,1.29,
126,f7c5dd70-07a0-4908-85fe-a13110064271,2367761,merger,merger_completion,,,ARTAW,G0509L128,,0,1,0,
127,dcce0c9c-899b-4869-a2d8-c3e4e5c4f931,2367726,merger,merger_completion,EMR,291011104,AZPN,045327103,,0,1,0,
128,64839663-78c4-4300-b67d-36c5c3d7934d,2368430,merger,merger_completion,,,MIME,G14838109,,80,1,0,
129,14fb0ef1-90af-4d15-a143-93117cba8664,2368582,merger,merger_completion,,,OTRAW,67113Q113,,0,1,0,
130,2578d3f6-e9cb-4b77-9fa3-6fc14bfe3e64,2368579,merger,merger_completion,,,OTRA,67113Q105,,0,1,1,
131,408c4b7e-95a3-43e8-b701-5c5505c2609a,2368781,merger,merger_completion,MAG,55903Q104,GATGF,368017109,,0,1,0.01706,
132,9925e1a9-d397-45c1-8010-d43b81856931,2368833,merger,merger_completion,PMNXF,Q74174105,CANWF,134804103,,0,1,0.56,
133,471c64ad-b4cc-4d76-9ee6-95d943550601,2369435,merger,merger_completion,,,LCAPW,53625R112,,0,1,0,
134,45aafe6d-bfff-478d-93f2-025fefad7d3a,2369434,merger,merger_completion,,,LCAP,53625R104,,0,1,0,
135,9b0096d4-796a-40a4-830c-f5349e48b55a,2369121,merger,merger_completion,TTWO,874054109,ZNGA,98986T108,,0,1,0,
136,4a648f7b-0da3-4d4e-9f8f-ba0c2db499d7,2369553,merger,merger_completion,,,ATRS,583930102,,5.6,1,0,
137,c27618c3-f5fd-4aa2-9736-b3898d17a775,2369823,merger,merger_completion,,,VWTR,172899106,,15.75,1,0,
138,c8c823a4-c71a-4cfc-9289-63bb229bae1b,2369722,merger,merger_completion,,,IIN,816119101,,24.25,1,0,
139,4d1ddddd-b2de-49b3-9051-a59f482dae08,2369866,merger,merger_completion,BAMR,G16169107,ANAT,028551109,,190,1,0,
140,8a35382b-6619-4456-81e1-62ca2432368b,2370051,merger,merger_completion,COLD,03064D108,COLD,03064D108,,0,1,1,
141,da132970-c9d5-4c76-bb6a-69117005d0f0,2370270,merger,merger_completion,,,HYAC,42087R108,,0,1,1,
142,78960fcc-2535-4b82-8d2d-2b5f44c6e94d,2370271,merger,merger_completion,,,HYACW,42087R116,,0,1,0,
143,404085bb-d47c-4c4c-baed-60cc22ff3d4a,2370395,merger,merger_completion,QDEL,74838J101,OCDX,G6829J107,,0,1,0,
144,8cc39745-1cf5-4a31-ba4a-3788f810973e,2370571,merger,merger_completion,,,APSG.WS,G0411R114,,0,1,0,
145,01ef8b3d-40f2-4937-b853-a7a267ca94b4,2370577,merger,merger_completion,,,APSG,G0411R106,,0,1,1,
146,1c25cb62-cbf8-4c37-85b3-9a82d2ef2240,2371349,merger,merger_completion,KKR,G52830109,KKR,G52830109,,0,1,1,
147,82f91a11-c32a-4e13-8ada-6ea1715d186c,2371250,merger,merger_completion,,,CMPI,162818108,,10.5,1,0,
148,158b4f81-9545-490c-abc0-ee9431331b53,2371113,merger,merger_completion,IRS,450047204,IRCP,02151P107,,0,1,0.56,
149,32e7c359-86e4-4c2b-876f-dc71f05e7c89,2371738,merger,merger_completion,,,SNNY,867475105,,20.25,1,0,
150,ba715d94-cfd7-42b2-9926-5376954446aa,2371594,merger,merger_completion,RJF,749604104,,,,0,1,0,
151,56396396-38c4-407c-9d04-ae74166cae0f,2371592,merger,merger_completion,RJF,749604104,,,,0,1,0,
152,5c1c2606-7c84-4356-8c34-389fc942aab1,2371593,merger,merger_completion,RJF,749604104,,,,0,1,0,
153,11b0d630-c2f3-496b-9af3-afb156cd8e0f,2371595,merger,merger_completion,RJF,749604104,,,,0,1,0,
154,90a46b82-b5cd-482e-8335-943b6b7a741b,2371598,merger,merger_completion,RJF,749604104,TSC,89678F100,,6,1,0.25,
155,977cf089-584a-47f6-a8ad-409cc3314919,2371599,merger,merger_completion,SKE,83056P103,QEXGF,19654L102,,0.65,1,0.0367,
156,49038751-d6b0-408b-97c1-491ce5826acd,2371871,merger,merger_completion,VET,923725105,,,,0,1,0,
157,1afb7b18-afd3-4d13-8ec6-67658a59f931,2371873,merger,merger_completion,VET,923725105,LCRTF,52728X208,,0,1,0,
158,3574b18a-e189-4b84-8038-9065ab2fb096,2372465,merger,merger_completion,,,,,,0.57659,1,0,
159,7177a7ca-f4ec-4e6e-8b92-576bdf849edd,2372461,merger,merger_completion,,,IBAL,940901101,,1.74,1,0,
160,61d1869b-f266-4220-a2a4-0ebdf876ac80,2372463,merger,merger_update,,,,,,0.57659,1,0,
161,4b992565-2c01-4399-aa93-7710c2c60fdb,2372584,merger,merger_completion,JMEE,46641Q118,PGMIX,70556U609,,0,1,0.21372,
162,cbd10b4d-6520-4899-8be7-84bd81f53932,2372585,merger,merger_completion,JMEE,46641Q118,OMEAX,70556U401,,0,1,0.20856,
163,233f5ad9-2e84-4b0f-aae9-357dd52c621e,2372586,merger,merger_completion,JMEE,46641Q118,OMYGX,4812CA587,,0,1,0.21186,
164,75a608be-58cb-4a3c-b91f-917e031e942c,2372587,merger,merger_completion,JMEE,46641Q118,OMECX,68231N792,,0,1,0.15709,
165,be92995e-1531-4acd-8229-190da90d1b47,2372588,merger,merger_completion,JMEE,46641Q118,JMEZX,4812C2510,,0,1,0.2036,
166,2295f6db-9ae6-4665-825c-faa1565bec78,2372539,merger,merger_completion,NZF,67070X101,NEV,67074M101,,0,1,0.93046,
167,364012a3-2d8d-4809-8566-b8e00f12d215,2372578,merger,merger_update,JMEE,46641Q118,OMYGX,4812CA587,,0,1,0.21186,
168,c29f51c3-8e8c-4c2c-b268-8a05f75604fd,2372577,merger,merger_update,JMEE,46641Q118,OMEAX,70556U401,,0,1,0.20856,
169,15a260c6-57e8-4387-984f-038bb48071e4,2372576,merger,merger_update,JMEE,46641Q118,PGMIX,70556U609,,0,1,0.21372,
170,21e1e98a-1d0c-4362-ac64-611dda1927b9,2372579,merger,merger_update,JMEE,46641Q118,OMECX,68231N792,,0,1,0.15709,
171,8554e0c9-3464-4046-a78f-7036b61ee530,2372580,merger,merger_update,JMEE,46641Q118,JMEZX,4812C2510,,0,1,0.2036,
172,cc2c45ed-8a29-4a5d-8705-9683796cb5d4,2373457,merger,merger_completion,,,SVFC,G8601N108,,0,1,1,
173,3fff35b5-e96b-4f30-b73b-16de1930dbb3,2373626,merger,merger_completion,,,CERN,156782104,,95,1,0,
174,7c56de85-59f5-4bf0-aad4-6bf14a0a0953,2373974,merger,merger_completion,JPRE,46641Q126,JRIRX,904504511,,0,1,0.24995,
175,df5aa242-8950-4440-9df2-6e7a4ae306b2,2373999,merger,merger_completion,JPRE,46641Q126,JPINX,904504453,,0,1,0.24776,
176,004ab8ed-6651-408e-80ce-a1ea063d27f0,2374000,merger,merger_completion,JPRE,46641Q126,URTDX,904504412,,0,1,0.24716,
177,42c13b28-ff4e-4a53-b160-10cf74774016,2373997,merger,merger_completion,JPRE,46641Q126,URTAX,904504560,,0,1,0.24358,
178,78500f62-f40e-4456-b354-8257ccc871ca,2373998,merger,merger_completion,JPRE,46641Q126,URTCX,904504776,,0,1,0.23104,
179,c9669607-fd38-498c-8404-e633ea18c755,2374001,merger,merger_completion,JPRE,46641Q126,URTLX,904504503,,0,1,0.24776,
180,b5c2cc96-cfb8-42f9-83f8-dffc73760f1d,2374023,merger,merger_completion,,,GLAQW,379582117,,0,1,0,
181,f0f61ea5-6168-4b3f-8b4f-bca0f4f514f0,2374048,merger,merger_completion,,,GLAQ,379582109,,0,1,1,
182,bd732283-1f34-42c1-869d-4eb38574dcf7,2373947,merger,merger_update,JPRE,46641Q126,JRIRX,904504511,,0,1,0.24995,
183,f6434621-f569-41a8-b7e8-03306606f173,2373948,merger,merger_update,JPRE,46641Q126,URTCX,904504776,,0,1,0.23104,
184,d9c04ce0-35a8-428c-aa2f-31d8989766a4,2373946,merger,merger_update,JPRE,46641Q126,URTAX,904504560,,0,1,0.24358,
185,ed56bea7-3154-4a68-b182-3331e767e9dc,2373949,merger,merger_update,JPRE,46641Q126,JPINX,904504453,,0,1,0.24776,
186,910f83ff-6e0f-431a-921b-9258b792bfeb,2373950,merger,merger_update,JPRE,46641Q126,URTDX,904504412,,0,1,0.24716,
187,ae36654b-e35b-4d39-b5da-96578cb07f9d,2373951,merger,merger_update,JPRE,46641Q126,URTLX,904504503,,0,1,0.24776,
188,67eef17d-9e11-4205-b3f6-d3e6fd769498,2374279,merger,merger_completion,MOFG,45009B101,IOFB,46246F103,,42.14,1,0,
189,8fae970c-1102-46a1-9512-626c9185c969,2374079,merger,merger_completion,NYAXF,M7S750100,OTIVF,M8791A109,,0.0599,1,0,
190,bfdcebfc-b5d5-4afd-a250-3179d9c8a27e,2374272,merger,merger_update,MOFG,45009B101,IOFB,46246F103,,42.14,1,0,
191,f5c487e5-863e-4cc5-aa53-9286a3b289c6,2375046,merger,merger_completion,SNTI,268010105,,,,0,1,1,
0,b5c2cc96-cfb8-42f9-83f8-dffc73760f1d,2374023,merger,merger_completion,,,GLAQW,379582117,,0,1,0,
1,f0f61ea5-6168-4b3f-8b4f-bca0f4f514f0,2374048,merger,merger_completion,,,GLAQ,379582109,,0,1,1,
2,67eef17d-9e11-4205-b3f6-d3e6fd769498,2374279,merger,merger_completion,MOFG,45009B101,IOFB,46246F103,,42.14,1,0,
3,8fae970c-1102-46a1-9512-626c9185c969,2374079,merger,merger_completion,NYAXF,M7S750100,OTIVF,M8791A109,,0.0599,1,0,
4,bfdcebfc-b5d5-4afd-a250-3179d9c8a27e,2374272,merger,merger_update,MOFG,45009B101,IOFB,46246F103,,42.14,1,0,
5,db4f3b65-2710-4bf2-80c9-199505586537,2374776,merger,merger_completion,CVX,853683100,REGI,75972A301,,61.5,1,0,
6,892d7a93-c058-43de-a518-8eb34fca6b55,2375415,merger,merger_completion,,,TCAC,G9118J101,,0,1,2,
7,7e659799-eb2d-4d4a-b9e5-6fe8cb5563f0,2375416,merger,merger_completion,,,TCACW,G9118J119,,0,1,0,
8,cd26d9c5-3e8e-49bb-9a76-7cbd493eeece,2375280,merger,merger_completion,NUMIF,549581205,NVMDF,433473204,,0,1,0.84,
9,02234669-2d5d-4e7c-8cf2-b22de556027e,2375974,merger,merger_completion,JIRE,46641Q134,OEIAX,681937561,,0,1,0.35437,
10,16fad952-9341-4572-a8aa-16a07dd3aca9,2375901,merger,merger_completion,,,PBLA,171839103,,0,1,1,
11,bfc693ea-2610-48c3-827b-911e5e7f3fbf,2375899,merger,merger_completion,JIRE,46641Q134,JEIQX,4812CA637,,0,1,0.35457,
12,470b6b40-6b18-4fb4-a73d-0e6f13badf88,2375975,merger,merger_completion,JIRE,46641Q134,OIEAX,423478486,,0,1,0.35601,
13,dbc434fe-eb53-4637-8e63-5fb41c6d45e7,2375976,merger,merger_completion,,,OACB,G6715X103,,0,1,1,
14,e1ee91d5-7dc8-4189-876b-8b296990ded5,2375977,merger,merger_completion,,,OACB.WS,G6715X111,,0,1,0,
15,e77d30b5-85a5-4758-8713-15b99239e699,2375898,merger,merger_update,JIRE,46641Q134,JEIQX,4812CA637,,0,1,0.35457,
16,ff5fb247-b008-46ac-a3a1-2700e23e0f2e,2376500,merger,merger_completion,,,VGII,G9460K102,,0,1,1,
17,729e41c9-789a-481d-bc9c-5fb0461debac,2376502,merger,merger_completion,,,VGII.WS,G9460K128,,0,1,0,
18,8ec07096-5fed-435c-8e62-be7a0006c0f9,2377145,merger,merger_completion,,,RCM,00438V103,,0,1,1,
19,1ce27e58-22e4-460d-99e8-d8a285867947,2377238,merger,merger_completion,,,SUMR,48241R108,,12,1,0,
20,af7a35e1-f09c-4f47-9831-9adbbd030469,2377219,merger,merger_completion,,,PLAN,03272L108,,63.75,1,0,
21,8a10b301-3b04-467a-b12d-c118e5c6ed69,2377336,merger,merger_completion,,,EJFAW,G2955B125,,0,1,0,
22,f061ba3d-789f-467d-9cef-26eea5ddcada,2377366,merger,merger_completion,,,EJFA,G2955B109,,0,1,1,
23,5e555a27-8fa8-47f1-8b66-1a5cbe110e4a,2377467,merger,merger_completion,,,MSP,23821D100,,35.5,1,0,
24,e0346e9e-4be1-4ffe-b5a2-d1c5acccd916,2377598,merger,merger_completion,,,GGPI,38286Q107,,0,1,1,
25,fb8383e3-c667-475d-9655-b6af7d184985,2377600,merger,merger_completion,,,GGPIW,38286Q115,,0,1,0,
26,164bfdf2-345c-4e65-b328-b3c21cb51c45,2377631,merger,merger_completion,,,APTS,74039L103,,25,1,0,
27,58559f6f-d656-4832-a30e-0cc1e1fc47a5,2378144,merger,merger_completion,GOFF,36190U107,GOFF,36190U107,,0,1,3,
28,57c228cc-ad8e-411b-976b-e85ce3fcb76e,2377998,merger,merger_completion,,,TREC,038465100,,9.81,1,0,
29,f275000c-6792-4586-adc4-ca1b03cddc17,2378272,merger,merger_completion,,,TVTY,88870R102,,32.5,1,0,
30,a36e12f8-1a9b-4c82-8ae7-e3095ca3aa09,2378522,merger,merger_completion,,,RICO,G41089106,,0,1,1,
31,2d6ab499-9561-43d0-9624-89beb2003ad0,2378523,merger,merger_completion,,,RICOW,G41089114,,0,1,0,
32,70d2ee9b-2206-477d-9d87-7aa17c6c8bed,2378830,merger,merger_completion,,,ITPOF,460919103,,40.5,1,0,
33,2807eea1-261f-4f12-9276-17f0602161b6,2378975,merger,merger_completion,,,PCOM,730843109,,25,1,0,
34,3dcfde3e-80f9-4d32-9c8e-60626b736748,2378998,merger,merger_completion,FULT,360271100,PBIP,744319104,,3.65,1,0.7974,
35,9d0978dc-976a-4f01-bd1f-0de720c37708,2379134,merger,merger_completion,,,LPBC,534545108,,10.1,1,0,
36,b205b417-9906-4d70-8420-ef41acb99103,2379137,merger,merger_completion,,,NSEC,637555103,,16.35,1,0,
37,8c4962f2-e1a4-4b87-b314-2d8746e9bde4,2379152,merger,merger_completion,GSK,377327200,SRRA,74346L101,,55,1,0,
38,bae0833d-50ab-4925-ba01-70f314aa9efe,2379135,merger,merger_completion,IIVI,902104108,COHR,192479103,,220,1,0.91,
39,f7d97260-0d56-4b22-8a92-b8727f03c5d4,2379140,merger,merger_completion,OAS,674215207,WLL,966387102,,6.25,1,0.5774,
40,02f48bc9-d09c-4398-bd84-ecbea0c88ee7,2379548,merger,merger_completion,,,RDLCF,757637103,,0.9,1,0,
41,0ce036ef-7bc8-4ef5-a1cf-6d66bb726dec,2379476,merger,merger_completion,SWM,808541106,NP,640079109,,0,1,1.358,
42,7b11a668-5734-42ee-b21b-9af7d1eabbd8,2379617,merger,merger_completion,,,CDK,12508E101,,54.87,1,0,
43,85316b3a-8000-4889-8a11-483bffbbf1a2,2379616,merger,merger_completion,ENTG,29362U104,CCMP,12709P103,,133,1,0.4506,
44,083ad396-540c-4f09-ac1f-848bec5cac50,2379901,merger,merger_completion,,,CNIGP,219387305,,29.7,1,0,
45,b60417b8-dfd4-409d-affc-d173be71a855,2379902,merger,merger_completion,,,CNIGO,219387206,,25,1,0,
46,5f112d94-6e3c-4aaa-8f3b-a03552f7e6b4,2379921,merger,merger_completion,,,GTYHW,G4182A128,,0.71,1,0,
47,d28fca19-e5f7-41c3-bc1f-42cf4063d96b,2379900,merger,merger_completion,,,CNIG,219381100,,24.75,1,0,
48,248c4970-e6d3-489b-b15e-9ff7a722b066,2379910,merger,merger_completion,,,GTYH,G4182A102,,6.3,1,0,
49,485bcd3c-a716-49f2-a7fd-fa4c4968f40d,2379894,merger,merger_update,,,CNIGP,219387305,,25,1,0,
50,8a989771-f1e0-4e72-a85d-f13c2eaa9712,2379895,merger,merger_update,,,CNIGO,219387206,,25,1,0,
51,44a23305-2133-464e-b731-91e8726e703a,2379920,merger,merger_update,,,GTYHW,G4182A128,,6.3,1,0,
52,6f46f1cf-3d35-4b4b-ae06-70e2fb5f1f26,2380241,merger,merger_completion,,,VRTA,925490104,,4.01,1,0,
53,cadf644e-3bad-4b19-95e2-96b264bf1ef7,2381098,merger,merger_completion,,,CBMB,1248XT104,,17.75,1,0,
54,27211c4f-94aa-4117-b907-8eeb7c96a5bd,2381154,merger,merger_completion,,,ADTN,00738A106,,0,1,1,
55,c13019e3-c54a-4490-aca1-d9c9fa6b95bf,2381251,merger,merger_completion,ALRS,335904108,MPHX,59165E106,,0,1,0.74,
56,9b8205e1-90f3-4b10-bb5e-a5627825abda,2380234,merger,merger_update,,,VRTA,925490104,,4.01,1,0,
57,efd2cac5-3942-47dc-b8c8-ff3b5b986741,2381482,merger,merger_completion,,,DNAC,G8253W109,,0,1,1,
58,6e07a85c-4a58-4a21-8cfb-9c6ae1216912,2381252,merger,merger_completion,VTINX,92202E102,VTXVX,92202E300,,0,1,0.98505,
59,63b69055-9b75-4e91-9eab-6c48e02acb95,2381315,merger,merger_completion,INVA,88338T104,ETTX,293614103,,2.2,1,0,
60,2f6e948a-06b8-4fd6-a022-75d992543ce5,2381473,merger,merger_completion,IIIAX,44981T578,IMIOX,449798388,,0,1,1.32244,
61,360dd433-8efd-4f23-b2f8-3fed5b5205c5,2381478,merger,merger_completion,IIIIX,44981T685,IMASX,449798396,,0,1,1.29764,
62,8e4ded49-7abc-4831-98d6-22165f711df2,2381479,merger,merger_completion,INTIX,44981T636,IMISX,449798370,,0,1,1.30355,
63,257c831c-3d39-4e3f-8bc6-cf4ec2ae204e,2381905,merger,merger_completion,,,,,,0,1,1,
64,c0aafa31-d9aa-4e07-9adb-fe936e10634f,2381912,merger,merger_completion,,,,,,0,1,5.1313,
65,52d7d7ed-47cb-42fd-9282-243928b83c28,2382010,merger,merger_completion,,,,,,0,1,1,
66,6f38a1ef-a46b-4412-bcd2-60b059da2b43,2382006,merger,merger_completion,,,GLSPW,G3934K111,,0,1,0,
67,f5cfccf1-be89-4285-8fa7-990fd101e445,2381991,merger,merger_completion,NSUPF,665804100,,,,0,1,0.2304,
68,55828785-9ede-4f15-90f4-f38087ce34e7,2381855,merger,merger_completion,BIOX,G9366W101,MBII,57165B106,,0,1,0.088,
69,28d1bbeb-e686-4060-913f-55d88538caf5,2381990,merger,merger_completion,NSUPF,665804100,GGISF,29384B100,,0,1,0.2304,
